rank,feature,mean_abs_shap,mean_shap,feature_group
1,size,0.7615236,-0.23972802,Augmented
2,Local_feature_53,0.68195784,-0.34384236,Local
3,Local_feature_59,0.5491866,0.001961248,Local
4,Local_feature_58,0.46479946,-0.3791753,Local
5,Local_feature_52,0.413853,-0.32482618,Local
6,Local_feature_3,0.3869309,-0.10480637,Local
7,Local_feature_90,0.34264222,-0.0155802835,Local
8,Aggregate_feature_32,0.30941698,-0.22856693,Aggregate
9,Local_feature_46,0.2798578,-0.06386325,Local
10,Local_feature_16,0.2398879,-0.2014116,Local
11,Aggregate_feature_70,0.22638296,-0.026718952,Aggregate
12,Local_feature_41,0.21812409,-0.11196002,Local
13,Aggregate_feature_68,0.21588597,-0.027084097,Aggregate
14,Local_feature_55,0.19102992,-0.13863204,Local
15,Aggregate_feature_13,0.1672352,-0.1572678,Aggregate
16,Local_feature_47,0.1590898,-0.033618413,Local
17,Local_feature_2,0.15797526,0.10463087,Local
18,Local_feature_5,0.15028465,-0.057298433,Local
19,Local_feature_65,0.1478239,-0.05302512,Local
20,Local_feature_76,0.14615269,-0.12448749,Local
21,Aggregate_feature_34,0.145019,-0.029588616,Aggregate
22,Aggregate_feature_45,0.14241992,-0.033341285,Aggregate
23,Local_feature_89,0.13713033,-0.056664675,Local
24,Local_feature_80,0.13166995,-0.07571091,Local
25,Local_feature_8,0.12694548,-0.0667435,Local
26,Local_feature_49,0.12584317,-0.07716386,Local
27,Aggregate_feature_28,0.11888072,-0.03569089,Aggregate
28,Aggregate_feature_16,0.11782142,-0.09989694,Aggregate
29,Aggregate_feature_7,0.11344003,0.10654294,Aggregate
30,fees,0.112380974,-0.09868865,Augmented
31,Local_feature_43,0.10815974,-0.06790361,Local
32,Local_feature_88,0.10446991,-0.03498234,Local
33,Local_feature_1,0.1028418,-0.07288482,Local
34,Aggregate_feature_65,0.09983175,-0.06072753,Aggregate
35,in_BTC_median,0.099221066,-0.059848666,Augmented
36,Local_feature_67,0.09907897,-0.051522337,Local
37,Aggregate_feature_39,0.0965655,-0.03739671,Aggregate
38,Local_feature_23,0.09416299,-0.048959866,Local
39,Aggregate_feature_9,0.09352081,-0.055920724,Aggregate
40,Local_feature_83,0.090962715,-0.043994244,Local
41,Local_feature_22,0.08722613,-0.060231432,Local
42,Local_feature_64,0.08520612,-0.010853264,Local
43,Local_feature_25,0.081600964,-0.05453574,Local
44,Aggregate_feature_4,0.079622105,-0.07033971,Aggregate
45,Local_feature_18,0.07875524,-0.051499337,Local
46,out_BTC_min,0.073902994,-0.061359666,Augmented
47,Aggregate_feature_40,0.07134062,-0.049277674,Aggregate
48,Local_feature_79,0.0637948,-0.0136749875,Local
49,Aggregate_feature_64,0.0636994,-0.007109266,Aggregate
50,Aggregate_feature_38,0.06277289,-0.05252474,Aggregate
51,Aggregate_feature_2,0.06253655,-0.04311228,Aggregate
52,Local_feature_61,0.06056752,-0.007477813,Local
53,Local_feature_40,0.060352672,-0.023837965,Local
54,Local_feature_9,0.056458253,-0.030355392,Local
55,Aggregate_feature_55,0.055469234,0.0046218834,Aggregate
56,Aggregate_feature_62,0.05437701,-0.039810058,Aggregate
57,Aggregate_feature_46,0.054017697,0.037415087,Aggregate
58,Aggregate_feature_66,0.053950343,-0.024845583,Aggregate
59,Aggregate_feature_51,0.0535465,-0.03166845,Aggregate
60,Aggregate_feature_49,0.05250448,0.0049244994,Aggregate
61,Aggregate_feature_10,0.052426808,0.049332354,Aggregate
62,out_BTC_median,0.051722415,-0.034204684,Augmented
63,Aggregate_feature_37,0.051629547,-0.03638031,Aggregate
64,Aggregate_feature_19,0.04957848,-0.042219296,Aggregate
65,Aggregate_feature_50,0.04920267,-0.035285953,Aggregate
66,Local_feature_91,0.049137622,-0.01955289,Local
67,Aggregate_feature_14,0.048930727,-0.033994395,Aggregate
68,Aggregate_feature_8,0.04848764,-0.04424221,Aggregate
69,Aggregate_feature_63,0.04656246,-0.01742989,Aggregate
70,Local_feature_31,0.046543576,-0.034092568,Local
71,total_BTC,0.045678638,-0.021900835,Augmented
72,Aggregate_feature_1,0.04525115,-0.02462314,Aggregate
73,Local_feature_29,0.04499887,-0.0043763,Local
74,Aggregate_feature_67,0.043448087,-0.0017938307,Aggregate
75,Local_feature_72,0.042500135,-0.0032026405,Local
76,Aggregate_feature_61,0.042464837,-0.013576942,Aggregate
77,Local_feature_84,0.04228166,-0.011748065,Local
78,Aggregate_feature_44,0.0422228,-0.02995183,Aggregate
79,Local_feature_77,0.04051018,-0.028684424,Local
80,in_BTC_min,0.040417504,-0.020866541,Augmented
81,Aggregate_feature_71,0.040387284,-0.0099677285,Aggregate
82,Aggregate_feature_56,0.038980633,-0.019858543,Aggregate
83,Local_feature_13,0.03767809,-0.014670299,Local
84,Local_feature_42,0.03671064,-0.009650643,Local
85,Aggregate_feature_57,0.035755746,-0.024257889,Aggregate
86,Local_feature_73,0.035268236,-0.0063955714,Local
87,Aggregate_feature_43,0.03479466,-0.012463793,Aggregate
88,Aggregate_feature_15,0.033649053,-0.0071541467,Aggregate
89,Local_feature_28,0.03313346,-0.02361766,Local
90,Local_feature_78,0.03310339,-0.009025177,Local
91,Aggregate_feature_52,0.03306955,-0.01904002,Aggregate
92,Aggregate_feature_3,0.032998968,-0.012560898,Aggregate
93,Aggregate_feature_69,0.032344088,-0.020857,Aggregate
94,Local_feature_71,0.032113947,-0.0050571337,Local
95,Local_feature_10,0.031760152,-0.013653582,Local
96,Aggregate_feature_58,0.031133901,-0.0030198526,Aggregate
97,Aggregate_feature_21,0.030944232,-0.02212629,Aggregate
98,Local_feature_48,0.029871685,-0.008067436,Local
99,Local_feature_20,0.029015908,-0.003739533,Local
100,Local_feature_11,0.028769147,-0.021973358,Local
101,Aggregate_feature_22,0.02801289,0.0025170555,Aggregate
102,in_txs_degree,0.02759535,-0.014412433,Augmented
103,Local_feature_85,0.026904654,-0.009740001,Local
104,Local_feature_17,0.026338981,-0.011415777,Local
105,Local_feature_60,0.024588387,-0.006133425,Local
106,in_BTC_total,0.022323057,-0.011854561,Augmented
107,Aggregate_feature_33,0.022170432,-0.00828609,Aggregate
108,Local_feature_66,0.02182191,-0.00094497355,Local
109,Aggregate_feature_27,0.021310572,-0.0128720505,Aggregate
110,Local_feature_54,0.020718252,-0.017910521,Local
111,in_BTC_max,0.020492557,-0.014024347,Augmented
112,num_output_addresses,0.01953605,-0.0025015923,Augmented
113,Aggregate_feature_72,0.01899652,-0.0056395526,Aggregate
114,Aggregate_feature_47,0.018393068,-0.005985097,Aggregate
115,Aggregate_feature_26,0.017927043,-0.012948588,Aggregate
116,Local_feature_81,0.017315026,-0.0112822,Local
117,Local_feature_19,0.016652819,-0.0099668205,Local
118,Local_feature_30,0.015720848,-0.008687004,Local
119,Aggregate_feature_11,0.01559162,-0.012404719,Aggregate
120,Aggregate_feature_59,0.014993877,-0.009024363,Aggregate
121,Aggregate_feature_20,0.014541145,-0.0006832798,Aggregate
122,Local_feature_24,0.014342387,-0.008548554,Local
123,Local_feature_12,0.014075231,-0.0039925515,Local
124,out_txs_degree,0.013499385,-0.0018376288,Augmented
125,Aggregate_feature_6,0.01338653,-0.010424608,Aggregate
126,Aggregate_feature_53,0.013038881,-0.0072030663,Aggregate
127,out_BTC_max,0.012067205,0.00056574395,Augmented
128,Local_feature_92,0.011954436,-0.001178614,Local
129,Aggregate_feature_29,0.011523338,-0.0004664209,Aggregate
130,Aggregate_feature_31,0.011006826,0.0031395375,Aggregate
131,Aggregate_feature_41,0.010546529,-0.002089771,Aggregate
132,Aggregate_feature_30,0.010122853,-0.008537997,Aggregate
133,Aggregate_feature_12,0.009834629,-0.0081306705,Aggregate
134,Aggregate_feature_17,0.009533198,-0.006141537,Aggregate
135,out_BTC_total,0.009071281,-0.0057461234,Augmented
136,Aggregate_feature_54,0.008379668,-0.0022021683,Aggregate
137,Local_feature_6,0.008055733,-0.004008202,Local
138,Local_feature_26,0.008045446,-0.002650202,Local
139,Local_feature_14,0.007927285,-0.0023878189,Local
140,in_BTC_mean,0.007908531,-0.0034592594,Augmented
141,Local_feature_45,0.007800189,-0.0026725987,Local
142,Aggregate_feature_5,0.0076237614,-0.0041894224,Aggregate
143,Local_feature_93,0.0072817123,-0.0037365602,Local
144,Local_feature_32,0.006666752,0.0006189807,Local
145,Local_feature_51,0.006563325,0.0004866132,Local
146,Aggregate_feature_24,0.0065400098,-0.001400069,Aggregate
147,Local_feature_34,0.0063960995,-0.0042380006,Local
148,Local_feature_62,0.0063921046,-0.0038532608,Local
149,Local_feature_50,0.0063302396,0.002122738,Local
150,Local_feature_57,0.006279305,-0.002961238,Local
151,Local_feature_21,0.006182267,-0.0023713713,Local
152,Local_feature_68,0.006009526,0.0017007154,Local
153,Aggregate_feature_23,0.0057964553,-0.0041854023,Aggregate
154,Aggregate_feature_35,0.005714346,-0.004220822,Aggregate
155,Local_feature_74,0.0048885066,-0.0013515081,Local
156,out_BTC_mean,0.004678369,-0.0013142157,Augmented
157,Local_feature_86,0.0046470226,-0.0015768985,Local
158,Local_feature_87,0.004279964,-0.0019364932,Local
159,Aggregate_feature_25,0.004259017,-0.0012088203,Aggregate
160,Local_feature_69,0.0042185467,-0.0006803643,Local
161,Aggregate_feature_36,0.0040095886,-0.0024745192,Aggregate
162,Local_feature_27,0.0036565831,-0.0017173628,Local
163,Local_feature_35,0.0034012261,-0.0014075151,Local
164,Local_feature_82,0.003099635,-0.0023168535,Local
165,Local_feature_56,0.0028824366,-0.0013828957,Local
166,Aggregate_feature_60,0.002544351,-0.0021326267,Aggregate
167,Local_feature_37,0.0023593481,-0.0013045496,Local
168,Local_feature_4,0.00213685,-0.0011386991,Local
169,Local_feature_44,0.0019985812,-0.001758142,Local
170,Aggregate_feature_18,0.0019834607,-0.00021420293,Aggregate
171,Local_feature_70,0.001894279,-0.0008752084,Local
172,Local_feature_33,0.0015024436,-0.0007202237,Local
173,Aggregate_feature_48,0.0014422182,-0.00096286274,Aggregate
174,Local_feature_38,0.0006956671,-0.00039689106,Local
175,Local_feature_63,0.00058387074,-0.00029643602,Local
176,Local_feature_75,0.0003789896,-0.00034679554,Local
177,num_input_addresses,0.0003397649,4.4861565e-05,Augmented
178,Local_feature_39,0.00032205234,-0.0002707161,Local
179,Local_feature_36,0.0001253255,-9.701911e-05,Local
180,Local_feature_7,9.371509e-05,-6.601592e-05,Local
181,Local_feature_15,0.0,0.0,Local
182,Aggregate_feature_42,0.0,0.0,Aggregate
